{
  "hash": "07976693",
  "configHash": "f5b1798a",
  "lockfileHash": "ecd3298b",
  "browserHash": "266c8ce0",
  "optimized": {
    "@angular/common/http": {
      "src": "../../../../../../node_modules/@angular/common/fesm2022/http.mjs",
      "file": "@angular_common_http.js",
      "fileHash": "2a1560dc",
      "needsInterop": false
    },
    "@angular/core": {
      "src": "../../../../../../node_modules/@angular/core/fesm2022/core.mjs",
      "file": "@angular_core.js",
      "fileHash": "3781b869",
      "needsInterop": false
    },
    "@angular/platform-browser": {
      "src": "../../../../../../node_modules/@angular/platform-browser/fesm2022/platform-browser.mjs",
      "file": "@angular_platform-browser.js",
      "fileHash": "caf5ca39",
      "needsInterop": false
    },
    "@angular/router": {
      "src": "../../../../../../node_modules/@angular/router/fesm2022/router.mjs",
      "file": "@angular_router.js",
      "fileHash": "6ca58bc4",
      "needsInterop": false
    },
    "rxjs": {
      "src": "../../../../../../node_modules/rxjs/dist/esm5/index.js",
      "file": "rxjs.js",
      "fileHash": "60571676",
      "needsInterop": false
    }
  },
  "chunks": {
    "chunk-QVFRV73Z": {
      "file": "chunk-QVFRV73Z.js"
    },
    "chunk-CVKRSSMJ": {
      "file": "chunk-CVKRSSMJ.js"
    },
    "chunk-WVMZWLDY": {
      "file": "chunk-WVMZWLDY.js"
    },
    "chunk-S35MAB2V": {
      "file": "chunk-S35MAB2V.js"
    }
  }
}