{
  "hash": "6ec30e1b",
  "configHash": "f0a2a3cd",
  "lockfileHash": "68eba45b",
  "browserHash": "03e8c6e5",
  "optimized": {
    "@angular/core": {
      "src": "../../../../../../node_modules/@angular/core/fesm2022/core.mjs",
      "file": "@angular_core.js",
      "fileHash": "636f6094",
      "needsInterop": false
    },
    "@angular/platform-browser": {
      "src": "../../../../../../node_modules/@angular/platform-browser/fesm2022/platform-browser.mjs",
      "file": "@angular_platform-browser.js",
      "fileHash": "408321bc",
      "needsInterop": false
    },
    "@angular/router": {
      "src": "../../../../../../node_modules/@angular/router/fesm2022/router.mjs",
      "file": "@angular_router.js",
      "fileHash": "62121efb",
      "needsInterop": false
    },
    "@angular/forms": {
      "src": "../../../../../../node_modules/@angular/forms/fesm2022/forms.mjs",
      "file": "@angular_forms.js",
      "fileHash": "911c443b",
      "needsInterop": false
    },
    "@angular/common/http": {
      "src": "../../../../../../node_modules/@angular/common/fesm2022/http.mjs",
      "file": "@angular_common_http.js",
      "fileHash": "d6790b41",
      "needsInterop": false
    },
    "@angular/common": {
      "src": "../../../../../../node_modules/@angular/common/fesm2022/common.mjs",
      "file": "@angular_common.js",
      "fileHash": "815639bc",
      "needsInterop": false
    }
  },
  "chunks": {
    "chunk-ROGKQVCZ": {
      "file": "chunk-ROGKQVCZ.js"
    },
    "chunk-3HNBNGUG": {
      "file": "chunk-3HNBNGUG.js"
    },
    "chunk-NVQAXOF4": {
      "file": "chunk-NVQAXOF4.js"
    },
    "chunk-6L2D24VA": {
      "file": "chunk-6L2D24VA.js"
    }
  }
}