{
  "hash": "c03bb591",
  "configHash": "25b5c704",
  "lockfileHash": "68eba45b",
  "browserHash": "4028edcd",
  "optimized": {
    "@angular/common": {
      "src": "../../../../../../../node_modules/@angular/common/fesm2022/common.mjs",
      "file": "@angular_common.js",
      "fileHash": "8d33ed7b",
      "needsInterop": false
    },
    "@angular/common/http": {
      "src": "../../../../../../../node_modules/@angular/common/fesm2022/http.mjs",
      "file": "@angular_common_http.js",
      "fileHash": "ad66658b",
      "needsInterop": false
    },
    "@angular/core": {
      "src": "../../../../../../../node_modules/@angular/core/fesm2022/core.mjs",
      "file": "@angular_core.js",
      "fileHash": "31a3e1e2",
      "needsInterop": false
    },
    "@angular/forms": {
      "src": "../../../../../../../node_modules/@angular/forms/fesm2022/forms.mjs",
      "file": "@angular_forms.js",
      "fileHash": "893f9267",
      "needsInterop": false
    },
    "@angular/platform-browser": {
      "src": "../../../../../../../node_modules/@angular/platform-browser/fesm2022/platform-browser.mjs",
      "file": "@angular_platform-browser.js",
      "fileHash": "0cecc340",
      "needsInterop": false
    },
    "@angular/router": {
      "src": "../../../../../../../node_modules/@angular/router/fesm2022/router.mjs",
      "file": "@angular_router.js",
      "fileHash": "7d410559",
      "needsInterop": false
    },
    "rxjs": {
      "src": "../../../../../../../node_modules/rxjs/dist/esm5/index.js",
      "file": "rxjs.js",
      "fileHash": "3fbd1215",
      "needsInterop": false
    },
    "rxjs/operators": {
      "src": "../../../../../../../node_modules/rxjs/dist/esm5/operators/index.js",
      "file": "rxjs_operators.js",
      "fileHash": "49141d24",
      "needsInterop": false
    },
    "tslib": {
      "src": "../../../../../../../node_modules/tslib/tslib.es6.mjs",
      "file": "tslib.js",
      "fileHash": "f9b045cc",
      "needsInterop": false
    }
  },
  "chunks": {
    "chunk-I5ZVZY5A": {
      "file": "chunk-I5ZVZY5A.js"
    },
    "chunk-AXBKNBR2": {
      "file": "chunk-AXBKNBR2.js"
    },
    "chunk-DSHQGU7A": {
      "file": "chunk-DSHQGU7A.js"
    },
    "chunk-JAMAIQEN": {
      "file": "chunk-JAMAIQEN.js"
    },
    "chunk-O4LR7XHQ": {
      "file": "chunk-O4LR7XHQ.js"
    },
    "chunk-PDTF7JKR": {
      "file": "chunk-PDTF7JKR.js"
    },
    "chunk-DRBYLE4W": {
      "file": "chunk-DRBYLE4W.js"
    },
    "chunk-IT5QKFXD": {
      "file": "chunk-IT5QKFXD.js"
    }
  }
}